ID,Nome,Marca,Expositor,Categoria,Valor,Ficha Técnica,Foto
21,Fish hook,"DALIAN SHASHAMAI FISH TOOLS CO., LTD",80 / WANFAIR,Acessórios de pesca,0.0,"Vara para molinete, DALIAN SHASHAMAI FISH TOOLS CO., LTD WAS SET UP IN 1997. IT IS ONE OF BIG AND RELIABLE SUPPLIER OF FISHING HOOKS, LURES, LINE, AND OTHER ACCESSORIES IN CHINA. WE HAVE OVER 25 YEARS EXPERIENCE IN FISHING BUSINESS AND ENJOY HIGH REPUTATION. OUR CUSTOMERS ARE ALL OVER THE WORLD, LIKE USA, CANADA,JAPAN, SPAIN, ITALY AND SO ON. WE HOPE WE CAN HAVE CHANCE TO MEET AND COOPERATE WITH CUSTOMER IN SOUTH AMERICA.",static/uploads/Fish_hook.png
22,CAIXA COZINHA PORTATIL RONDON,BARCOS E CARRETAS RONDON,46 / BARCOS RONDON,Acessórios náuticos,3500.0,"Dimensões: 55 x 35 x 43 cm. Peso: aproximadamente 13 Kg. Material: Alumínio/ pintura eletrostática; Acessórios: 1 Fogão Inox, 1 Frigideira, 1 Caçarola, 1 escumadeira, 6 copos de acrílico, 6 pratos de melanine, 3 porta mantimentos, 4 porta tempero inox, 6 garfos e 6 facas",static/uploads/CAIXA.jpeg
23,Guarda-Sol Tipo Ombrelone Valência Azul,KALA,33 / KALA,Esporte Outdoor e Camping / Cutelaria,271.99,"A solução ideal para uma proteção solar eficiente, este guarda-sol tem design elegante e é fácil de manusear. Pesando 3,2 kg e com 2,20 m de altura e 2,40 de envergadura, bloqueia acima de 98% da radiação ultravioleta (FPS: UV 50+). É ideal para garantir momentos confortáveis e agradáveis ao ar livre sob o sol, incluindo passeios na praia e experiências em piscina ou camping.",static/uploads/Guarda_01.jpg
24,CAIXA MULTIFUNÇÃO MB-500,ALBATROZ,ALBATROZ FISHING,Acessórios de pesca,690.0,"Compartimento com até 3 divisões e 2 divisores modulares; bandeja móvel removível; alça adicional de tecido; trava de segurança; clipe de encaixe lateral; disponível em duas cores; construída em plástico PP. Material: polipropileno. Dimensões aproximadas: 29x44,5x23,5 cm. Peso: 2,6 kg. Cores: azul e verde.",static/uploads/MB-500.JPG
25,BOLSA PLANO ATLAS TACKLE BAG,AQUABRAZIL,PLANO,Acessórios de pesca,2999.0,"Bolsa Plano com três estojos 3750 (comporta até 4), de construção inovadora em EVA, área magnética (DropZone) para segurar alicates entre outros acessórios de metal no topo, base moldada à prova d'água, bolsos internos com zíper e laterais moldados.",static/uploads/TACKLE_BAG.JPG
26,SMART HEAD AUTOBOAT,AUTOBOAT,AUTOBOAT INDUSTRIA E COMÉRCIO DE PRODUTOS NAÚTICOS LTDA,Acessórios de pesca,2670.0,"Função nova: AutoPoint Jog - compatível com motores elétricos até 54/55 lbs - manuseio apenas pelo controle remoto ou aplicativo. Controle remoto com alcance de 100m com funções de liga/desliga, velocidade, direção, âncora, norte e cruzeiro. Rotação 360º com acoplador mecânico. GPS via satélite. Regulador de profundidade AutoBoat. Bluetooth (compatível com app). Indicado para água doce e salgada. Velocidades: 10 frente. Design revolucionário. 12 volts.",static/uploads/SMART_HEAD.JPG
27,CAIXA ORGANIZADORA BRK PARA ISCAS,BRK,BRK FISHING,Acessórios de pesca,189.9,"Com a nossa caixa organizadora de iscas artificiais, você vai armazenar até 80 iscas artificiais com total segurança e organização. Material: plástico de alta qualidade, resistente a impactos e desgaste. Capacidade: até 80 iscas artificiais. Dimensões: 42 cm x 21 cm x 18 cm. Segurança: tampa com fechamento seguro, protegendo contra elementos externos. Compartimentos modulares: possibilidade de ajustar o tamanho dos compartimentos para se adequar a diferentes tipos e tamanhos de iscas.",static/uploads/BRK_ISCAS.JPG
28,POWER WRAP MACHINE,CUSTOM BY MARCOS,CUSTOM BY MARCO,Acessórios de pesca,3950.0,Torno profissional para montagem de vara de pesca. Com velocidade controlada e disponível modo para resinar e atar passadores na mesma máquina.,static/uploads/POWER_WRAP.JPG
29,ÓCULOS EXP 002 FLOATING STYLE,EXPRESS POLARIZADO,EXPRESS POLARIZADOS,Acessórios de pesca,238.0,"O óculos EXP 002 Floating foi construído a partir de uma resina especialmente formulada e moldada por injeção com uma densidade menor que a da água, permitindo que flutuem. Tipo de lente: polarizada. Espessura: 1.1mm. Proteção da lente: 100% de proteção contra raios UVA/UVB. Acompanha: box, estojo em couro sintético, bag de microfibra e certificado.",static/uploads/EXP_OO2.JPG
30,ÓCULOS ZEQUE STEALTH,GRUPO WAKOKU / FLÓRIDA MARINE,ZEQUE,Acessórios de pesca,2800.0,"O melhor polarizado do mundo! A Zeque é uma das marcas mais renomadas do Japão quando o assunto são óculos polarizados. A marca procura desenvolver seus produtos com os principais pescadores profissionais utilizando as mais recentes tecnologias. Proporcionam campo de visão claro e um design especial. Cada peça é meticulosamente montada, cada detalhe no desenho tem um significado funcional, combinando com leveza.",static/uploads/OCULOS_STEALTH.JPG
31,SHOUT POWERFUL ASSIST 25PA,GRUPO WAKOKU / FLÓRIDA MARINE,SHOUT,Acessórios de pesca,134.0,"O assist hook mais forte do mercado! Este assist hook é ideal para pescaria de grandes exemplares com metal jig. Ele é feito com dois anzóis, solid ring, pernadas curtas e trançadas feitas com linha PE extremamente forte. Uma das vantagens deste acessório é proporcionar uma fisgada melhor e uma conexão mais forte entre a isca e o peixe. Esta montagem facilita a liberação dos peixes, evita estragar a isca (arranha menos). Vale ressaltar que são usados os famosos anzóis Kudako, que possuem formato similar ao live bait. O olho é levemente voltado para cima, garantindo um melhor ângulo e abertura para fisgada; ponta mais alongada; farpa pequena, mas de tamanho perfeito para evitar que o peixe escape; além de ser extremamente reforçado, não perder a afiação e nem oxidar.",static/uploads/SHOUT.JPG
32,TACKLE POUCH,GRUPO WAKOKU / FLÓRIDA MARINE,JACKALL,Acessórios de pesca,330.0,"Maior praticidade para levar sua tralha! Esta é uma bolsa bastante prática para levar pacotes de iscas softs, acessórios como alicates, entre outros. Um dos destaques é ser feito com material à prova d'água (não tem zíper selado).",static/uploads/TACKLE_POUCH.JPG
33,ANZOL WRM959 WIDE GAP OFFSET HEAVY DUTY HOOK,GRUPO WAKOKU / FLÓRIDA MARINE,HAYABUSA,Acessórios de pesca,48.0,"Anzol reforçado para tirar o predador do meio da estrutura! Os anzóis da categoria EWG (Extra Wide Gap) possuem uma haste curva, criando um espaço maior entre ela e a ponta. Ideal para artificiais volumosas como criaturas, shads e craws. O diferencial do WRM959 é sua curva ampla e arame de diâmetro grosso, ideal para tirar o predador de dentro das estruturas sem risco de abrir. Feito com aço carbono de alta qualidade e recebe o tratamento NRB (Non Reflective Black) Fluorine Coating, proporcionando até 20% mais eficiência nas fisgadas.",static/uploads/WRM959.JPG
34,ANZOL BRUTAL LASTREADO,GRUPO WAKOKU / FLÓRIDA MARINE,RYUGI,Acessórios de pesca,17.0,Para fisgar os grandes predadores! A série Heavy Weighted Brutal foi desenvolvida pela Ryugi no Japão com a mais alta tecnologia para pescadores exigentes. Produzida com aço carbono de primeira linha e pontas tratadas quimicamente para máxima perfuração e resistência.,static/uploads/LASTREADO.JPG
35,ANZOL SNOOK HOOK STRONG,GRUPO WAKOKU / FLÓRIDA MARINE,SASAME,Acessórios de pesca,17.0,"O anzol preferido nos pesqueiros! Desenvolvido em sintonia com o mercado brasileiro, o Snook Hook é mais reforçado e praticamente único na categoria. Feito com aço carbono extremamente forte e afiado quimicamente, garante fisgadas certeiras sem deformar durante a briga. Possui acabamento black níquel para não espantar os peixes e é indicado para iscas vivas (camarão e pequenos peixes) e pescarias em pesqueiros.",static/uploads/SNOOK_HOOK.JPG
36,ORGANIZADOR MAJOR STOCK,GRUPO WAKOKU / FLÓRIDA MARINE,MAJOR CRAFT,Acessórios de pesca,210.0,"Anzóis, assists e spinnerbaits organizados! Este acessório da Major Craft ajuda a manter sua tralha mais organizada. Feito com material reforçado, fechamento em velcro e possui 10 divisórias com fecho tipo zip lock, permitindo armazenar os pacotes inteiros de anzóis e suas cartelas para fácil identificação.",static/uploads/MAJOR_STOCK.JPG
37,CAIXA DE PESCA DOCUTTE 4300,GRUPO WAKOKU / FLÓRIDA MARINE,RINGSTAR,Acessórios de pesca,480.0,"A caixa de pesca definitiva! Feita com plástico utilizado na indústria automotiva para para-choques, a Docutte é extremamente resistente e possui amplo espaço interno. Conta com bandeja organizadora, tampa que pode ser aberta e fechada dos dois lados e ainda pode ser utilizada como banco. Ideal para pescarias no mar, pois protege o material contra respingos de água.",static/uploads/DOCUTTE.JPG
38,CORTADOR DE LINHA HEAT CUTTER II,GRUPO WAKOKU / FLÓRIDA MARINE,XBRAID,Acessórios de pesca,427.0,"Corte preciso em qualquer situação! Esse aparelho compacto, do tamanho de uma caneta, tem duas funções: cortar a linha e fazer acabamento do nó com precisão, mesmo em situações de vento. Pode ser carregado via USB e utilizado para todos os tipos de linhas (multi, nylon e fluorcarbono).",static/uploads/HEAT_CUTTER.JPG
39,ANEL SOLID + SPLIT ODZ OS-12,GRUPO WAKOKU / FLÓRIDA MARINE,ODZ,Acessórios de pesca,112.0,"Conexão extremamente forte! O combo Solid Ring com Split Ring da ODZ é um acessório fundamental para montagem de assist hooks, proporcionando facilidade na troca de iscas e uma incrível resistência. Além da pesca vertical, também vem sendo utilizado na pesca de água doce, como a de tucunaré-açu.",static/uploads/OS_12.JPG
40,D-FENSE PRO AMBIENTE,HAXEA,IPANEMA INDÚSTRIA DE PRODUTOS VETERINÁRIOS LTDA.,Acessórios de pesca,42.0,"Inseticida inovador! Com fórmula exclusiva, D-Fense Pro Ambiente é um inseticida de microdose para ambientes. Ao acionar a válvula, libera micropartículas que se espalham rapidamente pelo ar, eliminando mosquitos e insetos. Indicado contra mosquitos Aedes aegypti, Anopheles aquasalis, Culex quinquefasciatus, além de moscas domésticas, baratas e formigas doceiras.",static/uploads/D-FENSE-A.JPG
41,D-FENSE PRO TECIDOS,HAXEA,IPANEMA INDÚSTRIA DE PRODUTOS VETERINÁRIOS LTDA.,Acessórios de pesca,69.0,"Repelente para tecidos! D-Fense Pro Tecidos é aplicado diretamente em roupas e tecidos em geral. Indicado para repelir insetos como Aedes aegypti (dengue, zika, chikungunya e febre amarela), Culex quinquefasciatus (muriçoca) e Anopheles aquasalis (malária).",static/uploads/D-FENSE-T.JPG
42,SUPORTE PARA VARA SEA HORSE,HP MOTONÁUTICA,"HP PESCA, MOTO, NÁUTICA",Acessórios de pesca,69.0,"Super novidade no Pesca e Companhia Trade Show 2025! Guarde suas varas com sofisticação, organização e tranquilidade. Suporte fixo de parede para guardar varas, resistente à água, com molas em aço inox e acabamento premium. Totalmente emborrachado para evitar danos às varas. Capacidade: até 6 varas. Medidas: 30cm(C) x 5cm(A) x 3cm(L).",static/uploads/VARA_SEA_HORSE.JPG
43,JACK PLATE MECÂNICO 300HP,MORO DECONTO/FUJI,DECONTO NÁUTICA,Acessórios náuticos,6025.8,"Novo Jack Plate Mecânico 300HP da Deconto Náutica, a peça que faltava para sua navegação de alta performance. Ajuste fácil e preciso, proporcionando mais velocidade e economia para sua embarcação. Disponível em tamanhos de 6"", 8"" e 10"" polegadas.",static/uploads/300HP.JPG
44,COLETE SALVA VIDA - TIPO BOIA DE BRAÇO - MOD BABYA,RIOS E MARES,SBS BRASIL SUL SALVATAGEM LTDA - RIOS E MARES,Acessórios náuticos,115.0,"Colete salva-vidas homologado pela Marinha do Brasil, Classe V, com estampa exclusiva para identificar crianças no espectro autista. Indicado para crianças de 15 a 25 kg. Confeccionado em tecido poliamida, com tirantes em polipropileno 40mm, enchimento em polietileno de células fechadas 6mm e fecho em poliacetal 40mm.",static/uploads/BABYA.JPG
45,COLETES SALVA VIDAS - TIPO JALECO - MOD HSLA,RIOS E MARES,SBS BRASIL SUL SALVATAGEM LTDA - RIOS E MARES,Acessórios náuticos,145.0,"Coletes salva-vidas homologados pela Marinha do Brasil, Classe V, com estampa exclusiva para identificar pessoas no espectro autista. Disponível nos tamanhos PP, P, M, G e EG. Confeccionado em tecido poliéster, vivo em polipropileno, tirantes em polipropileno 25mm, enchimento em polietileno de células fechadas 6mm e fechos em poliacetal 25mm.",static/uploads/HSLA.JPG
46,CARRETILHA KAYMAN,ALBATROZ,ALBATROZ FISHING,Carretilha,0.0,Material: carbono e alumínio. Rolamentos: 6+1. Recolhimento: 8.1:1. Drag: 8kg (3 discos de carbono + 2 de aço inox + 1 de duralumínio). Peso aproximado: 156g. Capacidade de linha (mm/m): 0.14/200 - 0.24/130. Guia fio triangular em nitreto e titânio. Freio magnético. Corpo e carretel em alumínio reforçado. Estrela de fricção e tampa lateral em fibra de carbono.,static/uploads/KAYMAN.JPG
47,CARRETILHA SEVIIN ST CROIX GF SERIES,AQUABRAZIL,SEVIIN - ST. CROIX,Carretilha,1288.0,"Carretilha Seviin GF Series com 5 rolamentos (4+1) de aço inox. Coroa e pinhão em latão. Chassi e tampa de peça única em grafite. Manivela de carbono. Carretel de alumínio. Drag (freio) de 15lbs (6,8 kg) com sistema Multi-Slack em fibra de carbono e aço inox. Gear ratio (velocidade) 8.1:1. Controle magnético de arremesso micro ajustável. Disco indicador de linha. Peso: 207g.",static/uploads/CROIX_GF.JPG
48,CARRETILHA SPEED DEMON ELITE,KASTKING,KASTKING,Carretilha,0.0,"A carretilha de pesca mais rápida do mercado! Velocidade de recolhimento: 10.5:1. Drag de 17,6lbs (8kg). Sistema de fricção multidiscos de carbono. Peso: 190g. Capacidade de linha: 150m de 0.25mm / 105m de 0.30mm. Engrenagem em alumínio 7075 aeroespacial super reforçado. Pinhão em latão com manganês de alta resistência. 10+1 rolamentos em aço inox. Guia de linha cônico revestido em cerâmica. Corpo em alumínio aeroespacial CNC. Freio centrífugo e controle de tensão do carretel.",static/uploads/DEMON_ELITE.JPG
49,VENATOR ACX,MARINE,MARINE,Carretilha,1149.0,Chassi em alumínio e laterais em carbono. Pinhão em latão apoiado por rolamento. Coroa em duralumínio. Guia de linha revestido em titânio com 2 estágios. Botões de ajuste e estrela ponto a ponto. Sistema de controle de arremesso Maglev. 10+1 rolamentos. Velocidade de recolhimento: 8.3:1. IPT 88cm. Hook holder. Sinal sonoro de saída de linha. Drag 7kg.,static/uploads/VENATOR-ACX.JPG
50,LANCHA NAVIS 650X,BARCOS RONDON,BARCOS E CARRETAS RONDON,Embarcação / Caiaque,115800.0,Capacidade de carga: 550 kg. Número de tripulantes: 1. Número de passageiros: 6. Peso aproximado: 600 kg. Motorização: 175 - 300 HP. Comprimento: 6.50m. Boca máxima: 2.30m. Pontal: 0.78m. Calado: 0.15m. Espessura do costado: 2.0mm. Espessura do casco: 3.0mm.,static/uploads/650X.JPG
51,ROVERCAT 190,MURANO,MURANO YACHTS,Embarcação / Caiaque,189900.0,"Lancha com casco catamarã monomotor de 19 pés, fabricada em fibra de vidro. A única lancha na sua categoria desenvolvida especialmente para pesca. Conta com caixas de peixe, caixas de isca viva, circulação 360º e console central. Ideal para pesca, mergulho e lazer no mar, rios e represas.",static/uploads/ROVERCAT.JPG
52,CAMA DOBRÁVEL ZDC-182,ALBATROZ,ALBATROZ FISHING,Esporte Outdoor e Camping / Cutelaria,450.0,"Dobravel e extremamente fácil de montar. Tecido reforçado em Oxford 6000. Peso do produto: 3,6kg. Distância do chão do assento: 30cm. Dimensões: 182x60cm. Material: Tecido Oxford 600D, ferro, polietileno. Resistência: 150kg. Tubo: 25mm de espessura.",static/uploads/ZDC-182.JPG
53,CANIVETE CIMO COLOMBO INOX CABO FIBRA CARB C/CLIP,CIMO,CUTELARIA CIMO,Esporte Outdoor e Camping / Cutelaria,147.9,"Canivete Colombo com lâmina de aço inox 420C resistente de 2,5mm. Perfil Clip Point. Acabamento Stone Washed, produzido por um moderno processo de corte a laser, garantindo beleza única e resistência incomparável.",static/uploads/FIBRA-CARB.JPG
54,FOGAREIRO DESMONTÁVEL CIMO INOXFIRE 12 COM BAG VDE,CIMO,CUTELARIA CIMO,Esporte Outdoor e Camping / Cutelaria,90.59,"Material premium: fabricado em aço inox de alta qualidade, garantindo durabilidade e resistência. Leve e compacto: pesa apenas 528g, sendo fácil de transportar. Dimensões quando montado: 13,2 x 14,0 x 15,5 cm. Acompanha bolsa de transporte robusta de nylon 600.",static/uploads/INOXFIRE.JPG
55,CONJUNTO CIMO TRAVEL VERDE POINT CLEAVER - DUPLO,CIMO,CUTELARIA CIMO,Esporte Outdoor e Camping / Cutelaria,108.65,"Kit de transporte exclusivo fabricado em nylon 600. Tábua Slim em Jatobá, cortada por processo computadorizado, sem emendas. Faca Cleaver de alto desempenho com acabamento Stone Washed. Garfo multifuncional com abridor de garrafas embutido. Design leve, elegante e intuitivo.",static/uploads/CLEAVER.JPG
56,CHURRASQUEIRA DESMONTÁVEL CIMO INOX TRAVEL COM BAG,CIMO,CUTELARIA CIMO,Esporte Outdoor e Camping / Cutelaria,578.64,"Peso: 3,4 kg. Dimensões: largura 32 cm, comprimento 23 cm, altura 18 cm. Área de grelha: 30 x 21,5 cm. Material: aço inox 100%. Potência: 8500 BTU/H. Sistema de válvula de segurança e rosca EN 417:2012.",static/uploads/INOX-TRAVEL.JPG
57,LEATHERMAN ARC,CROSSTER,LEATHERMAN,Esporte Outdoor e Camping / Cutelaria,2421.71,"Primeira multiferramenta a incluir o aço premium Magnacut. Lâmina principal feita de aço CPM Magnacut, garantindo resistência e durabilidade. Conta com 20 ferramentas, incluindo alicate, chave de fenda, abridor de garrafa, cortadores de fio substituíveis, tesoura e serra.",static/uploads/LEATHERMAN.JPG
58,LAREIRA / CHURRASQUEIRA MULTI-FUNCIONAL PETROMAX ATAGO,CROSSTER,PETROMAX,Esporte Outdoor e Camping / Cutelaria,2096.21,"Design compacto e portátil. Combina grelha, fogão, forno e lareira/fire-pit. Compatível com carvão, briquetes e lenha. Aquece eficientemente pelo 'efeito chaminé'. Produz fogo com pouca fumaça devido ao design de parede dupla e sistema de combustão secundária.",static/uploads/PETROMAX.JPG
59,BARRACA SEA TO SUMMIT IKOS LIGHTWEIGHT TR2,CROSSTER,SEA TO SUMMIT,Esporte Outdoor e Camping / Cutelaria,3634.43,"Barraca para duas pessoas com arquitetura Tension Ridge, maximizando espaço e ventilação. Controle de fluxo de ar para minimizar umidade e condensação. Opções de montagem adaptáveis ao clima e atividade. Sobre-teto montável primeiro para manter o interior seco.",static/uploads/TR2.JPG
60,PANELA DOBRÁVEL SEA TO SUMMIT FRONTIER UL COLLAPSIBLE POURING POT 2L AZUL,CROSSTER,SEA TO SUMMIT,Esporte Outdoor e Camping / Cutelaria,603.56,"Design colapsável que economiza espaço. Expande-se para uma panela de 2,2L. Base em alumínio liga leve de anodização dura. Cabo Click-Safe para manuseio seguro. Tecnologia LidKeep permite prender a tampa na lateral da panela.",static/uploads/COLLAPSIBLE.JPG
61,CHALEIRA COLAPSÁVEL SEA TO SUMMIT FRONTIER ULTRALIGHT,CROSSTER,SEA TO SUMMIT,Esporte Outdoor e Camping / Cutelaria,458.48,"Chaleira colapsável ultraleve com capacidade de 1,1L. Pode ser usada como panela pequena. Base e tampa em alumínio anodizado com pegador de silicone. Alças duplas de nylon reforçado com fibra de vidro. Leve, durável e resistente.",static/uploads/ULTRALIGHT.JPG
62,HOLOFOTE PORTÁTIL LEDLENSER AF4R WORK,CROSSTER,LEDLENSER,Esporte Outdoor e Camping / Cutelaria,1515.89,Refletor de alta potência com 2000 lumens. Cinco níveis de brilho e luz ajustável. Tecnologia Multi-Concentrated Light para iluminação eficiente. Corpo em alumínio robusto com proteção IP67 contra água e poeira. Compatível com Bluetooth.,static/uploads/LEDLENSER.JPG
63,LAMPIÃO LED FEUERHAND BABY SPECIAL 276 AZUL,CROSSTER,FEUERHAND,Esporte Outdoor e Camping / Cutelaria,707.72,Lanterna LED Feuerhand com visual atemporal. LED branco quente com fluxo luminoso de 150 LM. Iluminação ajustável de 2 a 150 LM. Autonomia de até 18 dias. Versátil para uso interno e externo. Fabricado na Alemanha.,static/uploads/FEUERHAND.JPG
64,COOLER BOX THERMO PREMIUM 20 LITROS - SEA HORSE,HP MOTONÁUTICA,"HP PESCA, MOTO, NÁUTICA",Esporte Outdoor e Camping / Cutelaria,669.0,"Cooler Box Thermo-Premium Sea Horse com isolamento térmico extra. Resfriamento eficiente por até 72 horas. Resistente ao transporte diário, impermeável e de alta durabilidade. Material: Nylon + TPU + Laprene Expandido. Capacidade: 20 litros.",static/uploads/COOLER-BOX.JPG
66,FOGAREIRO SLIM DOBRÁVEL AZUL A GÁS,KALA,KALA,Esporte Outdoor e Camping / Cutelaria,319.9,"Fogareiro compacto ideal para acampamentos e piqueniques. Potente queimador a gás com 2.600 W de potência. Dimensões aberto: 275 x 325 x 100 mm, fechado: 250 x 83 x 110 mm. Possui ignição automática e ajuste fino de chama.",static/uploads/FOGAREIRO.JPG
67,BARRACA NÔMADE 4/5 PESSOAS,KALA,KALA,Esporte Outdoor e Camping / Cutelaria,859.9,"Barraca para até 5 pessoas com estrutura reforçada. Dimensões: 2,35m x 2,35m x 1,45m. Material de alta qualidade e durabilidade. Leve, fácil de montar e transportar.",static/uploads/BARRACA.JPG
68,TÁBUA DE CORTE E SERVIR DUPLA FACE | TUCUNA,SOFTCUT,SOFTCUT,Esporte Outdoor e Camping / Cutelaria,199.0,Tábua de corte inspirada em peixes icônicos. Feita 100% de polietileno puro e atóxico. Superfície higiênica que não absorve odores. Microtextura inovadora para melhor aderência de alimentos.,static/uploads/TUCUNA.JPG
69,ISCA WILLY SHAD,ALBATROZ,ALBATROZ FISHING,Isca de Corpo Rígido,36.0,"Modelo Floating, profundidade fundo. Dimensões: 4cm, peso: 2,5g. Ideal para pesca esportiva.",static/uploads/WILLY.JPG
70,ISCA REBEL JUMPIN MINNOW T20 ARARI,AQUABRAZIL,REBEL,Isca de Corpo Rígido,108.5,"Isca artificial Rebel de 11,5 cm e 23g. Anzol número 2. Indicado para pesca de tucunarés, dourados e cachorras.",static/uploads/MINNOW.JPG
71,ISCA REBEL TWICH TEENY WAKE R - T91,AQUABRAZIL,REBEL,Isca de Corpo Rígido,75.8,"Isca Rebel de 4 cm e 4,5g. Anzol número 12. Desenvolvida para tilápia, black bass e pacu.",static/uploads/TEENY.JPG
72,TEE BONE,GRUPO WAKOKU / FLÓRIDA MARINE,KEITECH,Isca de Corpo Rígido,150.0,Spinnerbait de alta performance. Design aerodinâmico para longos arremessos. Anzol reforçado e lâmina super sensível.,static/uploads/TEE-BONE.JPG
73,PL 100 SPLASH,GRUPO WAKOKU / FLÓRIDA MARINE,BABYFACE,Isca de Corpo Rígido,148.0,Jumping bait de 11cm e 22g. Movimentos em ziguezague e saltos na água. Silent (sem rattling) para ação mais natural.,static/uploads/PL100.JPG
74,CHUBBLE 80,GRUPO WAKOKU / FLÓRIDA MARINE,JACKALL,Isca de Corpo Rígido,190.5,Híbrido de crankbait e jerkbait. Sistema de transferência de peso magnético. Equipada com barbela de circuit board lip.,static/uploads/CHUBBLE.JPG
75,SHINDY 110,GRUPO WAKOKU / FLÓRIDA MARINE,REVONIK,Isca de Corpo Rígido,340.0,"Jerkbait com flutuação lenta e troca de barbela. Alcance de profundidade ajustável entre 30 cm e 1,5m.",static/uploads/SHINDY.JPG
76,TYGAN 110,GRUPO WAKOKU / FLÓRIDA MARINE,FISH MAGNET,Isca de Corpo Rígido,380.0,Desenvolvida pelo pescador japonês Takuma Hata. Desenho aerodinâmico para longos arremessos. Corpo volumoso e acabamento premium.,static/uploads/TYGAN.JPG
77,KICKNOCKER,GRUPO WAKOKU / FLÓRIDA MARINE,TECKLE,Isca de Corpo Rígido,250.0,Zara refinada com câmara de chocalho para ação errática. Esfera traseira que melhora arremesso e estabilidade.,static/uploads/KICKNOCKER.JPG
78,LAKER,ISCAS LORI,LORI,Isca de Corpo Rígido,48.0,Isca sinking de 55mm e 6g. Inspirada em iscas japonesas para espécies brasileiras.,static/uploads/LAKER.JPG
79,ENCRENCA SPIN,ISCAS YARA,YARA ISCAS ARTIFICIAIS,Isca de Corpo Rígido,69.9,Isca tipo Spin com colher giratória. Fabricada em ABS de alta resistência. Disponível nos tamanhos 7cm / 17g e 9cm / 29g.,static/uploads/ENCRENCA.JPG
80,INVADER 110 MR,MARINE,MARINE,Isca de Corpo Rígido,55.0,"Minnow meia água Floating e Suspending. Profundidade de nado entre 0,8m e 2,0m. Equipada com 3 garatéias Sanken 4X.",static/uploads/INVADER.JPG
81,BELLY DANCER,MORO DECONTO/FUJI,DECONTO ISCAS ARTIFICIAIS,Isca de Corpo Rígido,79.9,Jerkbait compacta com ação atrativa. Equipada com split rings de inox e garatéias Hogan.,static/uploads/BELLY.JPG
82,ISCA HB 230,SAHARA,SAHARA,Isca de Corpo Rígido,27.0,"Isca artificial meia água, 12,8 cm e 30g. Disponível em 5 cores. Alto desempenho na pesca esportiva.",static/uploads/HB230.JPG
83,SLIDE ACTOR,GRUPO WAKOKU / FLÓRIDA MARINE,SHOUT,Isca para Água Salgada,140.0,Jumping Jig de corpo alongado e achatado. Formato assimétrico que permite afundamento rápido e movimentos amplos em ziguezague. Indicado para predadores como Olhetes e Olhos-de-boi.,static/uploads/SLIDE.JPG
84,FEED POPPER 150,GRUPO WAKOKU / FLÓRIDA MARINE,TACKLE HOUSE,Isca para Água Salgada,312.0,Popper diferenciado que produz barulho característico. Desenho da boca cria sons de estalo e rastros de bolhas. Ideal para locais de água agitada. Equipada com garatéias Owner.,static/uploads/POPPER.JPG
85,JACK EYE MAKI MAKI FS 417,GRUPO WAKOKU / FLÓRIDA MARINE,HAYABUSA,Isca para Água Salgada,120.0,"Metal jig versátil com colher de metal na garatéia, gerando vibração e brilho atrativo. Pode ser usado no arremesso e recolhimento ou na vertical.",static/uploads/MAKI.JPG
86,BANETT 160F,GRUPO WAKOKU / FLÓRIDA MARINE,IMA,Isca para Água Salgada,324.0,"Artificial tipo Pencil de 16 cm e 43g. Excelente para arremessos longos. Trabalha em ziguezague logo abaixo da superfície. Indicado para Olhetes, Olhos-de-boi e Atum.",static/uploads/BANETT.JPG
87,CIAN POPPER ROAR 200F,GRUPO WAKOKU / FLÓRIDA MARINE,JACKALL,Isca para Água Salgada,522.0,"Popper para espécies marinhas. Design moderno, fácil de trabalhar. Produz som intenso e rastro de bolhas. Alcance de longas distâncias devido ao formato traseiro mais pesado.",static/uploads/CIAN.JPG
88,VENNON,MARINE,MARINE,Isca para Água Salgada,55.0,"Isca de superfície Zara Floating, disponível nos tamanhos 90mm (15g) e 115mm (25g). Equipado com garatéias reforçadas, ideal para Anchova, Xaréu, Olhete e Robalo.",static/uploads/VENNON.JPG
89,POPAI ULTIMATE SERIES,MORO DECONTO/FUJI,DECONTO ISCAS ARTIFICIAIS,Isca para Água Salgada,113.8,"Popper robusto para pesca de grandes exemplares. Corpo em plástico ABS reforçado, garatéias Extreme 6X 1/0. Disponível em 9 e 11 cm.",static/uploads/POPAI.JPG
90,ISCA CHARUTINHO,ALLIGATOR,ALLIGATOR,Isca Soft,2.4,"Isca para pesca de Traíras e outros predadores. Nado em Zara na superfície, meia água e fundo. Tamanho 5,8 cm, peso 9g, disponível em mais de 100 cores.",static/uploads/CHARUTINHO.JPG
91,ISCA SOFT DROP MINNOW GREAT LAKES FINESSE,AQUABRAZIL,GREAT LAKES FINESSE,Isca Soft,88.9,"Isca soft com acabamento fosco e flutuabilidade neutra. Ideal para Black Bass e Traíras. Técnicas recomendadas: Drop Shot, Underspin Trailer, Moping, Spine Rig e Ned.",static/uploads/FINESSE.JPG
92,RV BUG,GRUPO WAKOKU / FLÓRIDA MARINE,JACKALL,Isca Soft,135.0,"Soft bait inovadora e sinking. Pernas vibratórias que aumentam a atratividade. Mede 3” (7,62 cm), recomendado para anzol Offset 3/0.",static/uploads/RV-BUG.JPG
93,SHINJI X9,GRUPO WAKOKU / FLÓRIDA MARINE,XBRAID,Linha,950.0,Linha multifilamento revolucionária de 9 fios com resistência extrema e alta sensibilidade. Estrutura W para maior uniformidade e resistência ao desgaste. Sistema de marcação a cada 1m.,static/uploads/SHINJI.JPG
94,LINHA MULTIFILAMENTO FUSION 8X 100M,HP MOTONÁUTICA,"HP PESCA, MOTO, NÁUTICA",Linha,39.9,Linha multifilamento X8 Fusion de alta resistência e suavidade. Tecnologia de tratamento ultrassônico para menor atrito e melhor lançamento.,static/uploads/8X100M.JPG
95,LINHA MULTIFILAMENTO TOURNAMENT X4,ISCAS YARA,YARA ISCAS ARTIFICIAIS,Linha,49.9,"Linha multifilamento de 4 fios feita em 100% polietileno. Alta resistência à tensão e abrasão. Elasticidade quase zero, indicada para locais com estrutura submersa.",static/uploads/X4.JPG
96,HAMMER BRAIDED FISHING LINE 4 FIOS,KASTKING,KASTKING,Linha,0.0,"Linha trançada 4X com tecnologia Diamond Braid, maior resistência e menor diâmetro. Tratamento Colorfast para evitar desbotamento. Superfície lisa para lançamentos mais longos.",static/uploads/HAMMER.JPG
97,MOLINETE DEVOTION,ALBATROZ,MARCA FORSEVEN (GRUPO ALBATROZ FISHING),Molinete,360.0,"Molinete com 4+1 rolamentos. Recolhimento: 4.7:1 (800) e 6.0:1 (3000/5000). Drag de 5kg (800), 6kg (3000), 8kg (5000). Carretel em alumínio.",static/uploads/DEVOTION.JPG
98,MOLINETE MEGAJAWS ELITE,KASTKING,KASTKING,Molinete,0.0,"Molinete MegaJaws Elite com engrenagem aeroespacial de alta resistência. Corpo em alumínio Uni-Frame, rotor de carbono. Ideal para pescadores profissionais e recreativos.",static/uploads/MEGAJAWS.JPG
99,HORIZON,MARINE,EUROSEA,Molinete,549.9,"Molinete com corpo em alumínio, rotor em grafite e pinhão em latão. 6+1 rolamentos, recolhimento 4.6:1, drag de 18kg, IPT de 110cm. Sistema de oscilação lenta.",static/uploads/HORIZON.JPG
100,TROVÃO,SAHARA,SAHARA,Molinete,150.0,"Molinete em alumínio, disponível em diversos tamanhos. 5+1 rolamentos, sistema balanceado e manopla em EVA.",static/uploads/TROVAO.JPG
101,MOTOR ELÉTRICO MINN KOTA INSTINCT RIPTIDE QUEST,AQUABRAZIL,MINN KOTA,Motores (Qualquer Tipo de Propulsão),57645.0,"Motor elétrico Minn Kota 90/115lbs (24-36V), haste de 87” (220 cm). Controle wireless, Bluetooth, Spot-Lock (âncora), compatível com sonares Humminbird.",static/uploads/RIPTIDE.JPG
102,MOTOR ELÉTRICO MINN KOTA ULTREX QUEST,AQUABRAZIL,MINN KOTA,Motores (Qualquer Tipo de Propulsão),45753.0,"Minn Kota Ultrex Quest 90/115lbs (24-36V), haste de 60” (152 cm). Controle remoto/pedal, transducer MSI (Mega Side Imaging), Spot-Lock, compatível com sonares Humminbird.",static/uploads/KOTA.JPG
103,MOTORES 30HP E 40HP TURBO JET,HIDEA,HIDEA MOTORES,Motores (Qualquer Tipo de Propulsão),27568.0,Modelos HDJ30FHS e HDJ40FHS. Motor 2 tempos com potência de 30HP (22.1 kW) e 40HP (29.4 kW). Rotações de 4500-5500 RPM. Sistema de ignição CDI e refrigeração à água. Disponível em partida manual e elétrica.,static/uploads/40HP.JPG
105,50 HP QUATRO TEMPOS COM MANCHE,MERCURY,MERCURY MARINE,Motores (Qualquer Tipo de Propulsão),45502.0,"Mercury FourStroke 50HP. Motor 4 cilindros (995cc), rabeta de 20 polegadas com relação de 1,83. Equipado com manche Mid Tiller, Power Trim, partida elétrica e controle de corrico.",static/uploads/MANCHE.JPG
107,350HP,YAMAHA,YAMAHA,Motores (Qualquer Tipo de Propulsão),227360.0,,static/uploads/350HP.JPG
108,CAIXA PLANO RANGE BAG X2 MEDIUM - 1712500V,AQUABRAZIL,PLANO,Tiro Esportivo,778.0,"Caixa Plano para tiro esportivo. Possui bolsa frontal para case de pistola 140300, tampa com alça para transporte, base rígida e bolso lateral para munição.",static/uploads/RANGE.JPG
109,CARABINA FXR P35X EVOLUTION,FXR,ARTEMIS,Tiro Esportivo,7500.0,"Carabina PCP calibre 5.5mm. Velocidade de 1000 FPS (305 m/s), energia de 46 joules, autonomia de 100 disparos. Coronha Bullpup, acionamento Side Lever, trilho Picatinny e válvula reguladora.",static/uploads/CARABINA.JPG
110,"CARABINA DE PRESSÃO PCP ROSSI BULLPUP R35 CAL. 5,5MM",ROSSI,ROSSI,Tiro Esportivo,5900.0,"Carabina PCP compacta e leve. Sistema de engatilhamento Side Lever, coronha em madeira natural, trilho Picatinny integrado, velocidade de 270 m/s (880 FPS) e reservatório de ar com 250cc.",static/uploads/BULLPUP.JPG
111,VARA SNOOK LIFE,ALBATROZ,ALBATROZ FISHING,Vara para Carretilha,395.42,"Vara em carbono IM10, modelo para carretilha com reel seat Skeleton. Passadores leves e resistentes, cabo revestido em EVA, ponteira antienrosco. Tamanhos: C631, ação rápida, 8-14lbs e 8-17lbs.",static/uploads/SNOOK-LIFE.JPG
112,VARA CARRETILHA ST. CROIX BLACK BASS,AQUABRAZIL,ST. CROIX RODS,Vara para Carretilha,1740.0,"Vara 6'8'' Medium Power, X-Fast Action, 6-20lbs. Blank de carbono SC III, passadores em óxido de alumínio. Tecnologias St. Croix IPC, FRS e Handcrafted.",static/uploads/CROIX-BLACK.JPG
113,VARA CARRETILHA ST. CROIX LEGEND ELITE 75TH ANNIVERSARY,AQUABRAZIL,ST. CROIX RODS,Vara para Carretilha,5180.0,"Vara 7' Medium Power, Fast Action, 10-17lbs. Blank de carbono SC V, passadores de titânio/silicon nitride. Tecnologias St. Croix IPC, ART, TET, FRS e Handcrafted.",static/uploads/CROIX-LEGEND.JPG
114,REVOLTAGE RV II-S68MH+ 14LB,GRUPO WAKOKU / FLÓRIDA MARINE,JACKALL,Vara para Carretilha,5532.0,"Vara para carretilha de alta performance. Blank de carbono Toray com tecnologia NanoAlloy. Passadores Fuji Série K com anel SIC, cabo de cortiça premium 4A.",static/uploads/REVOLTAGE.JPG
115,DAY´S 360 SÉRIE BRASIL 510M - 16LB,GRUPO WAKOKU / FLÓRIDA MARINE,MAJOR CRAFT,Vara para Carretilha,3702.0,Vara leve e potente feita com carbono Toray T1100G e tecnologia R360 Structure. Passadores Fuji SIC Titânio e cabo em EVA de alta densidade.,static/uploads/510M.JPG
116,REVOLTAGE C64ML-ST 12LB,GRUPO WAKOKU / FLÓRIDA MARINE,JACKALL,Vara para Carretilha,5532.0,"Vara desenvolvida para desempenho máximo com iscas artificiais. Blank de carbono Toray, passadores Fuji Série K e cabo de cortiça premium 4A.",static/uploads/C64ML.JPG
117,ASSEGAI CASTING,KASTKING,KASTKING,Vara para Carretilha,0.0,"Vara 6'4'' 17lbs. Blank Elite Carbon patenteado para potência, resistência e sensibilidade. Tecnologia Nano Resina para melhor desempenho.",static/uploads/ASSEGAI.JPG
118,LEGACY,MARINE,MARINE,Vara para Carretilha,819.0,"Blank em carbono tubular 40TON (MT4000). Cabo bipartido em EVA + carbono. Passadores Fuji Alconite KW, ponteira Fuji Alconite MN.",static/uploads/LEGACY.JPG
119,VARA CALIFÓRNIA,STRIKER,STRIKER SPORTFISHING,Vara para Carretilha,310.22,"Vara de carbono IM12, 6'0'' Medium/Heavy, ação rápida, passadores em óxido de alumínio. Flexível, resistente e leve para alta performance.",static/uploads/CALIFORNIA.JPG
120,VARA MOLINETE ST. CROIX MOJO BASS TRIGON,AQUABRAZIL,ST. CROIX RODS,Vara para Molinete,1662.0,"Vara 6'10'' Medium Light, X-Fast Action, 6-20lbs. Blank de carbono SC III, passadores em óxido de alumínio/aço inox. Design Trigon para maior conforto.",static/uploads/CROIX-MOJO.JPG
122,DAY´S 360 610L,GRUPO WAKOKU / FLÓRIDA MARINE,MAJOR CRAFT,Vara para Molinete,4032.0,Vara de alta sensibilidade com blank de carbono Toray T1100G. Processo R360 Structure para resistência e leveza. Passadores Fuji SIC Titânio e cabo em EVA.,static/uploads/610L.JPG
123,KESTREL FINESSE SPINNING,KASTKING,KASTKING,Vara para Molinete,0.0,"Kastking Kestrel Spin Finesse Spinning Rod, vara de 3 peças 6'8'' UL. Kastking Kestrel Spinning e Ice Fishing Reel 1000.",static/uploads/KESTREL.JPG
124,VENZA FUSION,MARINE,MARINE,Vara para Molinete,169.0,Blank em fibra de vidro tubular com ponteira sólida integrada. Cabo bipartido e inteiriço em EVA. Passadores em óxido de alumínio resistentes a multifilamentos.,static/uploads/FUSION.JPG
127,CHAPÉU MZ-171,ALBATROZ,ALBATROZ FISHING,Vestuário,107.0,"Material leve, transpirável e de secagem rápida. Fabricado em poliéster pongee com proteção UV. Inclui protetor de rosto, pescoço e nuca. Disponível nas cores rosa, chumbo e cinza.",static/uploads/MZ171.JPG
128,SAPATILHA AQURUN AZUL CLARO E VERDE ACQUA,AQURUN,AQURUN,Vestuário,159.9,"Sapatilhas especiais para locais úmidos e molhados. Ultra leves, flexíveis e não retêm água ou areia. Ideais para esportes aquáticos, pesca e praia.",static/uploads/AQURUN.JPG
129,CAMISA FUSIONX BRK COM CAPUZ E PROTEÇÃO SOLAR UV50+,BRK,BRK FISHING,Vestuário,199.9,"Camisa de alta performance com tecido XTech Pro® de toque gelado e secagem ultra rápida. Proteção solar UV50+ homologada. Punho com luva integrada, capuz e bandana.",static/uploads/FUSIONX.JPG
130,LOGO CAP,GRUPO WAKOKU / FLÓRIDA MARINE,JACKALL,Vestuário,442.0,Boné leve e moderno com aba em estrutura de colmeia. Logotipo emborrachado discreto e sofisticado.,static/uploads/LOGO-CAP.JPG
131,JIGGING GLOVES,GRUPO WAKOKU / FLÓRIDA MARINE,MAJOR CRAFT,Vestuário,280.0,"Luvas para pescaria de jigging e grandes espécies marinhas. Dorso em malha respirável, palma antiderrapante e reforço nos dedos para maior resistência.",static/uploads/JIGGING.JPG
132,CALÇA STRETCH,GRUPO WAKOKU / FLÓRIDA MARINE,BAIT,Vestuário,299.0,"Calça super leve e confortável, composta por 92% poliamida e 8% elastano. Bolsos com zíper e costura certificada OEKO TEX Standard 100.",static/uploads/STRECH.JPG
135,X PROTECTION 360,MAR NEGRO,MAR NEGRO,Vestuário,159.0,"Capuz, buff e punho luva integrados. Proteção UV50+, secagem rápida e costura reforçada. Composição de 90% poliamida e 10% elastano.",static/uploads/PROTECTION.JPG
136,NANOTECH POLYAMIDE TECHNOLOGY,PRESA VIVA,PRESA VIVA,Vestuário,0.0,Tecido com 80% poliamida e 20% elastano. Capuz e passante para os dedos. Proteção solar UV50+.,static/uploads/NANOTECH.JPG
137,GRAPHICLINE POLYAMIDE TECHNOLOGY,PRESA VIVA,PRESA VIVA,Vestuário,0.0,Camisa de manga longa com 80% poliamida e 20% elastano. Proteção UV50+ e texturas visuais exclusivas no tecido.,static/uploads/GRAPHICLINE.JPG
138,DRYFLEX TECHNOLOGY,PRESA VIVA,PRESA VIVA,Vestuário,0.0,"Tecido Dry Flex com 92% poliéster e 8% elastano. Leve, elástico e confortável. Proteção UV50+, controle térmico e secagem rápida.",static/uploads/DRYFLEX.JPG
139,CAIXA PLANO V CRATE PARA CAIAQUE,PLANO,AQUABRAZIL,Acessórios de pesca,1559.0,"CAIXA PLANO COM DESIGN EXCLUSIVO PARA COLOCAR EM CAIAQUE. COM 4 ESTOJOS 23750, ALÇA PARA TRANSPORTE, SHAPE EM ?V?, BASE ELEVADA, DOIS SUPORTES PARA VARAS, DOIS LADOS DE ACESSO E AMPLO ESPAÇO CENTRAL INTERNO",static/uploads/V-CRATE.JPG
140,SONAR HUMMINBIRD XPLORE 12 CMSI+,HUMMINBIRD	,AQUABRAZIL	,Acessórios de pesca,38244.0,"SONAR HUMMINBID XPLORE 12, TELA REFLEX (VIDRO - PELÍCULA POLARIZADA), RESOLUÇÃO DE 1.280 X 800 PIXELS HD, GPS (BUILT-IN), TOUCHSCREEN E KEYPAD (BOTÕES), DUAL SPECTUM CHIRP, MDI+ (MEGA DOWN IMAGING), MSI+ (MEGA SIDE IMAGING), FREQUÊNCIA MEGA DE ATÉ 1.2 MHZ. PERMITE CONEXÃO ETHERNET E COM MOTORES ELÉTRICOS MINN KOTA",static/uploads/HUMMINBIRD-XPLORE.JPG
141,APOLUS LARGE FREESTYLE,BARCOS LEVEFORT,LEVEFORT,Embarcação / Caiaque,95000.0,"COMPRIMENTO: 06 METROS/ BOCA MÁXIMA: 1,90 METROS / OCUPANTES: 06 PESSOAS / CALADO: 0,11 M / MOTORIZAÇÃO: 75 A 115 HP.",static/uploads/APOLUS.jpg
142,MESA PORTATIL DOBRAVEL PRETA PARA CAMPING COM 2 BANQUETAS BEL,BEL,BEL FIX,Esporte Outdoor e Camping / Cutelaria,398.98,"TRANSFORME SUAS AVENTURAS AO AR LIVRE COM A MESA PORTÁTIL DOBRÁVEL DA BEL! PROJETADA PARA OFERECER MÁXIMA FUNCIONALIDADE, RESISTÊNCIA E ESTILO, ELA É PERFEITA PARA CAMPING, PIQUENIQUES, PRAIAS OU QUALQUER MOMENTO DE LAZER. ?? RESISTÊNCIA INCOMPARÁVEL: PÉS EM ALUMÍNIO QUE NÃO ENFERRUJAM E BANQUETAS LEVES E DURÁVEIS. ?? DESIGN PREMIUM: ACABAMENTO DE ALTA QUALIDADE COM UM VISUAL MODERNO E FUNCIONAL. ?? DIFERENCIAL EXCLUSIVO: FURAÇÃO PARA GUARDA-SOL, GARANTINDO CONFORTO EM QUALQUER AMBIENTE AO AR LIVRE. ?? FÁCIL DE USAR: COMPACTA, DOBRÁVEL E PRÁTICA PARA TRANSPORTAR E GUARDAR. LEVE A PRATICIDADE E O CONFORTO DA MESA PORTÁTIL DOBRÁVEL PARA TODOS OS SEUS MOMENTOS ESPECIAIS!",static/uploads/BEL-FIX.JPG
143,CHURRASQUEIRA PORTÁTIL TO GO COM ALÇA BEL,BEL,BEL FIX,Esporte Outdoor e Camping / Cutelaria,298.98,"A CHURRASQUEIRA TO GO DA BEL É PERFEITA PARA QUEM BUSCA FUNCIONALIDADE E ELEGÂNCIA. COMPACTA, PORTÁTIL E DOBRÁVEL, ELA É IDEAL PARA SEUS MOMENTOS DE LAZER, SEJA NO CAMPING, NA PRAIA OU NO QUINTAL DE CASA. ?? DESIGN ÚNICO E EXCLUSIVO BEL ? PRODUTO INOVADOR NO MERCADO. ?? ALÇA EM MADEIRA ? TOQUE DE SOFISTICAÇÃO E PRATICIDADE PARA TRANSPORTE. ?? FÁCIL MONTAGEM ? PRONTA PARA USO EM POUCOS MINUTOS. ?? PORTÁTIL E DOBRÁVEL ? MAIS LEVE E FÁCIL DE TRANSPORTAR, TRANSFORMANDO-SE EM UMA PRÁTICA MALETA. ?? GRELHA AJUSTÁVEL EM 3 NÍVEIS ? AJUSTE PERFEITO PARA ASSAR CARNES, VEGETAIS OU OUTROS ALIMENTOS. DIMENSÕES: ?? PRODUTO MONTADO: 50 X 30,5 X 28 CM ?? PRODUTO DESMONTADO: 50 X 28 X 7,6 CM ?? SUPORTE PARA CARVÃO REMOVÍVEL: 44 X 20,5 X 3,5 CM ?? PESO APROXIMADO: 3,28 KG POR QUE ESCOLHER A TO GO? LEVE, PRÁTICA E COM UM DESIGN MODERNO, A CHURRASQUEIRA TO GO FOI PENSADA PARA QUEM NÃO ABRE MÃO DE UM BOM CHURRASCO, MESMO EM LUGARES ONDE ESPAÇO E PRATICIDADE SÃO FUNDAMENTAIS.",static/uploads/CHURRASQUEIRA.jpg
144,ZION,FLORIDA MARINE	GRUPO WAKOKU,FLÓRIDA MARINE,Embarcação / Caiaque,130000.0,"IPLINAR COM EXPERTS DA ENGENHARIA NAVAL, MODELAÇÃO, CONSTRUÇÃO, NAVEGAÇÃO E PESCA, RESULTANDO EM UM BARCO INIGUALÁVEL. VOLTADO PARA A ALTA PERFORMANCE, O ZION VEM PARA TRANSFORMAR O MERCADO DE BASS BOAT, SEM LIMITES PARA OS SEUS SONHOS.",static/uploads/ZION.JPG
154,BANQUETA PARA PESCA RELAX,MARIA PESCA,MARIA PESCA,Acessórios de pesca,120.0,"BANQUETA RELAX DA MARIA PESCA DIMENÇÃO ALTURA : 70CM LARGURA: 40CM COMPRIMENTO: 43CM FABRICADA EM FERRO 7/8 PAREDE 1,06 PINTURA EPOXI ACENTO E ENCOSTO EM PVC SAPATA DE PROTEÇÃO",static/uploads/BANQUETA_RELAX.JPG
158,Hover Bag,Bait Fishing,GRUPO WAKOKU / FLÓRIDA MARINE,Acessórios náuticos,0.0,"Bolsa para acompanhar suas viagens! Trata-se de bolsa estanque que pode ser utilizada como mochila, utilizando as alças embutidas na sua base. Ela vem com frontal com zíper, separada do compartimento principal e de fácil acesso - ideal para armazenar itens compactos de primeira necessidade. Também tem bolso identificado para o celular e seus dados, porta-copo e puxador na parte interna. No interior, vem com um pequeno bolso especialmente idealizado para colocar o seu mini rastreador (GPS ou Bluetooth). Além disso, possui sistema de compressão de volume, para você compactar e carregar de forma simples. Seu corpo emborrachado é impermeável e de fácil limpeza. Conta também com alças de engate rápido para fixar a bolsa em Jet Ski, barcos, pranchas e etc. Benefícios da Hover Bag: Ela é muito prática e facilita o seu transporte em qualquer viagem ou aventura. Caso seja necessário, basta retirar o ar interno.",static/uploads/Hover-bag.JPG
159,Red Pepper Junior,Tiemco,GRUPO WAKOKU / FLÓRIDA MARINE,Isca de Corpo Rígido,180.0,"Sucesso em todas as pescarias! A Red Pepper Jr é um stick deal para os momentos em que o predador está extremamente manhoso, pois proporciona uma apresentação mais natural. Essa isca de 10cm, pesa 9g e é excelente para um trabalho mais cadenciado, dando toques para a isca fazer barulho na superfície",static/uploads/Pepper.JPG
160,Jigpara Long Slow,Major Craft,GRUPO WAKOKU / FLÓRIDA MARINE,Isca para Água Salgada,170.0,"Essa artificial tem um detalhe bastante interessante. Por ela ser longa e fina, quando a usamos em lugares profundos, consegue chegar mais rápido ao fundo, sem que seja levada para longe pelas correntes. Possui dois lados diferentes, sendo que um é uniforme e o oposto existe quilha ao longo jig, proporcionando um trabalho especial. Já, na hora do trabalho, o jig tende a deslocar lateralmente. Vale lembrar que o acabamento dos jumping jigs da Major Craft são incríveis, com cores vivas e bastante resistentes, por causa das seis camadas de verniz.",static/uploads/Jigpara.JPG
162,COLETE AUTO-INFLÁVEL BALTIC MODELO WINNER HARNESS 165N,BALTIC,AQUABRAZIL,Acessórios náuticos,1480.0,"Colete de flutuação auto-inflável Baltic Winner Harness 165N. Material extra forte, super anatômico. Arnês de segurança. Cinto ajustável. Certificação ISO 12402-6. Cilindro de CO2. Capacidade: 40-150 kg.",static/uploads/BALTIC.JPG
163,SUPORTE PARA 3 VARAS BARCO BASS BOAT REGULÁVEL,"HP PESCA, MOTO, NÁUTICA",HP MOTONÁUTICA,Acessórios náuticos,449.0,"Aumente sua eficiência e organização na pesca com nosso suporte para 3 varas barco Bass Boat regulável. Ideal para lanchas, barcos, caiaques, botes e stand up. Sistema escamoteável prático, que permite regular o suporte em vários ângulos. Possui rebaixamento para encaixe ideal de varas com molinete ou carretilha.",static/uploads/BASS-BOAT.JPG
164,BATERIA DE LÍTIO LIFEPO4 ROYPOW 36V 100AMP,ROYPOW,ISCAS YARA,Acessórios náuticos,179.9,"Óculos Polarizado Yara Dark Vision modelo C2407, desenvolvido em parceria com o grande pescador Cadu. Projetado para otimizar a visualização dos peixes em seu habitat natural, sem abrir mão do conforto e estilo. Lentes polarizadas TAC (Tri Acetato de Celulose) com proteção UV 400 que bloqueiam raios UVA/UVB.",static/uploads/LITIO-ROYPOW.JPG
165,BOLSA M-BP25,MARINE,MARINE,Acessórios de pesca,519.0,"Bolsa de pesca com fundo rígido e impermeável. Possui alça removível, zíperes reforçados e diversos compartimentos para acessórios. Capacidade: 25 litros. Dimensões: 30x50x30 cm. Acompanha 5 caixas multiuso. Disponível também para venda sem caixas multiuso e em tamanhos menores (15 e 20 litros).",static/uploads/M-BP25.JPG
166,KASTKING BRUTUS RED (PASSAGUÁ),KASTKING,KASTKING,Acessórios de pesca,0.0,"Rede de pouso dobrável Kastking Brutus com gancho para barco. Dobrável, expansível, leve e forte. Gancho multifuncional integrado para barco. Alça TPR laranja brilhante e antiderrapante. Large Color Red de PVC. Material: alumínio. Peso: 2,09 libras.",static/uploads/KASTKING.BRUTUS.JPG
167,FIXADOR HÍBRIDO DE CARBONO E TITÂNIO (TC-FBCSK13),FUJI,MORO DECONTO/FUJI,Acessórios de pesca,599.99,"Os fixadores TCH (Titanium Carbon Hybrid) de última geração, moldados em polímero com fibra de carbono e titânio. Apresentam alta resistência, rigidez e zero corrosão. Além da leveza, elevam a fixação da carretilha a um novo nível de conforto, sensibilidade e potência.",static/uploads/TC-FBCSK13.JPG
168,ÓCULOS POLARIZADO YARA DARK VISION,Yara Iscas Artificiais,ISCAS YARA,Acessórios de pesca,179.9,"Óculos polarizado Yara Dark Vision modelo C2407, desenvolvido em parceria com o grande pescador Cadu, foi projetado para otimizar a visualização dos peixes em seu habitat natural, sem abrir mão do conforto e estilo durante a pescaria. Suas lentes polarizadas TAC (Tri Acetato de Celulose) possuem proteção UV 400 que bloqueiam os raios UVA / UVB.",static/uploads/YARA-DARK.JPG
169,J-BRAID EXPEDITION X8,DAIWA,MARINE,Linha,249.9,"Made in Japan Tecnologia Silicon Coating: proporciona durabilidade e maciez, já que o revestimento confere propriedades hidrofóbicas a linha 8 fios são trançados de maneira muito forte e precisa, o que previne que a linha se separe e se desgaste durante o uso Disponível em 150m e 300m DARK GREEN. De 15lb a 90lb.",static/uploads/J-BRAID.JPG
171,Swing Impact,Keitech,GRUPO WAKOKU / FLÓRIDA MARINE,Isca Soft,57.0,"Este não é um shad qualquer. Quando ele nada, o corpo inteiro se movimenta, tornando os movimentos mais naturais. Ele pode ser usado apenas com o anzol (lastreado ou não), no Texas Rig, Down Shot, jig head, como trailer de rubber jig, entre outras montagens. Já que possui diversos tamanhos. É uma ótima opção de isca para conseguir cobrir grandes áreas em menor tempo, além de ser muito produtivo durante todo o ano. O Swing Impact ainda é feito com material macio, impregnado com forte essência de lula. O corpo anelado que ainda serve para proteger a ponta do anzol.",static/uploads/Swing.JPG
